{"Vdata": {"i1": {"cprob": [0.187694, 0.075819, 0.07874, 0.025862, 0.185476, 0.060857, 0.013834, 0.144869, 0.178661, 0.048189], "parents": null, "vals": ["d", "o", "i", "r", "a", "h", "t", "n", "s", "e"], "ord": 2, "numoutcomes": 10, "children": ["c1"]}, "i0": {"cprob": [0.187694, 0.075819, 0.07874, 0.025862, 0.185476, 0.060857, 0.013834, 0.144869, 0.178661, 0.048189], "parents": null, "vals": ["d", "o", "i", "r", "a", "h", "t", "n", "s", "e"], "ord": 0, "numoutcomes": 10, "children": ["c0"]}, "i3": {"cprob": [0.187694, 0.075819, 0.07874, 0.025862, 0.185476, 0.060857, 0.013834, 0.144869, 0.178661, 0.048189], "parents": null, "vals": ["d", "o", "i", "r", "a", "h", "t", "n", "s", "e"], "ord": 6, "numoutcomes": 10, "children": ["c3"]}, "i2": {"cprob": [0.187694, 0.075819, 0.07874, 0.025862, 0.185476, 0.060857, 0.013834, 0.144869, 0.178661, 0.048189], "parents": null, "vals": ["d", "o", "i", "r", "a", "h", "t", "n", "s", "e"], "ord": 4, "numoutcomes": 10, "children": ["c2"]}, "c3": {"cprob": {"['s']": [0.187065, 0.391206, 0.419922, 0.187065, 0.410683, 0.440617, 0.477175, 0.33159, 0.375292, 0.474494], "['d']": [0.345526, 0.406576, 0.395978, 0.314818, 0.404029, 0.286997, 0.187065, 0.214882, 0.224689, 0.474945], "['i']": [0.40906, 0.364271, 0.233033, 0.399637, 0.364271, 0.233033, 0.40906, 0.474494, 0.424252, 0.386189], "['e']": [0.436908, 0.276066, 0.340564, 0.532836, 0.427729, 0.276066, 0.425656, 0.472673, 0.422828, 0.406576], "['n']": [0.401417, 0.403166, 0.379802, 0.214882, 0.424252, 0.233033, 0.424956, 0.354672, 0.356108, 0.468943], "['a']": [0.424252, 0.279902, 0.401417, 0.493282, 0.246834, 0.323638, 0.462116, 0.474042, 0.435006, 0.314818], "['h']": [0.187065, 0.417688, 0.392179, 0.296479, 0.408239, 0.187065, 0.16285, 0.187065, 0.187065, 0.444204], "['t']": [0.16285, 0.431759, 0.432416, 0.405734, 0.46558, 0.441223, 0.364271, 0.214882, 0.286997, 0.512932], "['o']": [0.383048, 0.388227, 0.343904, 0.449938, 0.356108, 0.252718, 0.411486, 0.452152, 0.402295, 0.312451], "['r']": [0.33159, 0.437535, 0.437535, 0.353212, 0.458026, 0.267685, 0.385153, 0.354672, 0.340564, 0.496716]}, "parents": ["i3", "c2"], "vals": ["d", "o", "i", "r", "a", "h", "t", "n", "s", "e"], "ord": 7, "numoutcomes": 10, "children": null}, "c2": {"cprob": {"['s']": [0.187065, 0.391206, 0.419922, 0.187065, 0.410683, 0.440617, 0.477175, 0.33159, 0.375292, 0.474494], "['d']": [0.345526, 0.406576, 0.395978, 0.314818, 0.404029, 0.286997, 0.187065, 0.214882, 0.224689, 0.474945], "['i']": [0.40906, 0.364271, 0.233033, 0.399637, 0.364271, 0.233033, 0.40906, 0.474494, 0.424252, 0.386189], "['e']": [0.436908, 0.276066, 0.340564, 0.532836, 0.427729, 0.276066, 0.425656, 0.472673, 0.422828, 0.406576], "['n']": [0.401417, 0.403166, 0.379802, 0.214882, 0.424252, 0.233033, 0.424956, 0.354672, 0.356108, 0.468943], "['a']": [0.424252, 0.279902, 0.401417, 0.493282, 0.246834, 0.323638, 0.462116, 0.474042, 0.435006, 0.314818], "['h']": [0.187065, 0.417688, 0.392179, 0.296479, 0.408239, 0.187065, 0.16285, 0.187065, 0.187065, 0.444204], "['t']": [0.16285, 0.431759, 0.432416, 0.405734, 0.46558, 0.441223, 0.364271, 0.214882, 0.286997, 0.512932], "['o']": [0.383048, 0.388227, 0.343904, 0.449938, 0.356108, 0.252718, 0.411486, 0.452152, 0.402295, 0.312451], "['r']": [0.33159, 0.437535, 0.437535, 0.353212, 0.458026, 0.267685, 0.385153, 0.354672, 0.340564, 0.496716]}, "parents": ["i2", "c1"], "vals": ["d", "o", "i", "r", "a", "h", "t", "n", "s", "e"], "ord": 5, "numoutcomes": 10, "children": ["c3"]}, "c1": {"cprob": {"['s']": [0.187065, 0.391206, 0.419922, 0.187065, 0.410683, 0.440617, 0.477175, 0.33159, 0.375292, 0.474494], "['d']": [0.345526, 0.406576, 0.395978, 0.314818, 0.404029, 0.286997, 0.187065, 0.214882, 0.224689, 0.474945], "['i']": [0.40906, 0.364271, 0.233033, 0.399637, 0.364271, 0.233033, 0.40906, 0.474494, 0.424252, 0.386189], "['e']": [0.436908, 0.276066, 0.340564, 0.532836, 0.427729, 0.276066, 0.425656, 0.472673, 0.422828, 0.406576], "['n']": [0.401417, 0.403166, 0.379802, 0.214882, 0.424252, 0.233033, 0.424956, 0.354672, 0.356108, 0.468943], "['a']": [0.424252, 0.279902, 0.401417, 0.493282, 0.246834, 0.323638, 0.462116, 0.474042, 0.435006, 0.314818], "['h']": [0.187065, 0.417688, 0.392179, 0.296479, 0.408239, 0.187065, 0.16285, 0.187065, 0.187065, 0.444204], "['t']": [0.16285, 0.431759, 0.432416, 0.405734, 0.46558, 0.441223, 0.364271, 0.214882, 0.286997, 0.512932], "['o']": [0.383048, 0.388227, 0.343904, 0.449938, 0.356108, 0.252718, 0.411486, 0.452152, 0.402295, 0.312451], "['r']": [0.33159, 0.437535, 0.437535, 0.353212, 0.458026, 0.267685, 0.385153, 0.354672, 0.340564, 0.496716]}, "parents": ["i1", "c0"], "vals": ["d", "o", "i", "r", "a", "h", "t", "n", "s", "e"], "ord": 3, "numoutcomes": 10, "children": ["c2"]}, "c0": {"cprob": {"['s']": [0.187065, 0.391206, 0.419922, 0.187065, 0.410683, 0.440617, 0.477175, 0.33159, 0.375292, 0.474494], "['d']": [0.345526, 0.406576, 0.395978, 0.314818, 0.404029, 0.286997, 0.187065, 0.214882, 0.224689, 0.474945], "['i']": [0.40906, 0.364271, 0.233033, 0.399637, 0.364271, 0.233033, 0.40906, 0.474494, 0.424252, 0.386189], "['e']": [0.436908, 0.276066, 0.340564, 0.532836, 0.427729, 0.276066, 0.425656, 0.472673, 0.422828, 0.406576], "['n']": [0.401417, 0.403166, 0.379802, 0.214882, 0.424252, 0.233033, 0.424956, 0.354672, 0.356108, 0.468943], "['a']": [0.424252, 0.279902, 0.401417, 0.493282, 0.246834, 0.323638, 0.462116, 0.474042, 0.435006, 0.314818], "['h']": [0.187065, 0.417688, 0.392179, 0.296479, 0.408239, 0.187065, 0.16285, 0.187065, 0.187065, 0.444204], "['t']": [0.16285, 0.431759, 0.432416, 0.405734, 0.46558, 0.441223, 0.364271, 0.214882, 0.286997, 0.512932], "['o']": [0.383048, 0.388227, 0.343904, 0.449938, 0.356108, 0.252718, 0.411486, 0.452152, 0.402295, 0.312451], "['r']": [0.33159, 0.437535, 0.437535, 0.353212, 0.458026, 0.267685, 0.385153, 0.354672, 0.340564, 0.496716]}, "parents": ["i0"], "vals": ["d", "o", "i", "r", "a", "h", "t", "n", "s", "e"], "ord": 1, "numoutcomes": 10, "children": ["c1"]}}, "E": [["i0", "c0"], ["i1", "c1"], ["i2", "c2"], ["i3", "c3"], ["c0", "c1"], ["c1", "c2"], ["c2", "c3"]], "V": ["i0", "i1", "i2", "i3", "c0", "c1", "c2", "c3"]}