{"Vdata": {"i1": {"cprob": {"['s']": [0.148453, 0.821339], "['d']": [0.142308, 0.812306], "['i']": [0.147902, 0.92126], "['e']": [0.143211, 0.951811], "['n']": [0.057569, 0.855131], "['a']": [0.151703, 0.814524], "['h']": [0.031724, 0.939143], "['t']": [0.033262, 0.986166], "['o']": [0.074089, 0.924181], "['r']": [0.069779, 0.974138]}, "parents": null, "vals": ["d", "o", "i", "r", "a", "h", "t", "n", "s", "e"], "ord": 2, "numoutcomes": 2, "children": ["c1"]}, "i0": {"cprob": {"['s']": [0.178661, 0.821339], "['d']": [0.187694, 0.812306], "['i']": [0.07874, 0.92126], "['e']": [0.048189, 0.951811], "['n']": [0.144869, 0.855131], "['a']": [0.185476, 0.814524], "['h']": [0.060857, 0.939143], "['t']": [0.013834, 0.986166], "['o']": [0.075819, 0.924181], "['r']": [0.025862, 0.974138]}, "parents": null, "vals": ["d", "o", "i", "r", "a", "h", "t", "n", "s", "e"], "ord": 0, "numoutcomes": 2, "children": ["c0"]}, "i3": {"cprob": {"['s']": [0.148453, 0.821339], "['d']": [0.142308, 0.812306], "['i']": [0.147902, 0.92126], "['e']": [0.143211, 0.951811], "['n']": [0.057569, 0.855131], "['a']": [0.151703, 0.814524], "['h']": [0.031724, 0.939143], "['t']": [0.033262, 0.986166], "['o']": [0.074089, 0.924181], "['r']": [0.069779, 0.974138]}, "parents": null, "vals": ["d", "o", "i", "r", "a", "h", "t", "n", "s", "e"], "ord": 6, "numoutcomes": 2, "children": ["c3"]}, "i2": {"cprob": {"['s']": [0.178661, 0.821339], "['d']": [0.187694, 0.812306], "['i']": [0.07874, 0.92126], "['e']": [0.048189, 0.951811], "['n']": [0.144869, 0.855131], "['a']": [0.185476, 0.814524], "['h']": [0.060857, 0.939143], "['t']": [0.013834, 0.986166], "['o']": [0.075819, 0.924181], "['r']": [0.025862, 0.974138]}, "parents": null, "vals": ["d", "o", "i", "r", "a", "h", "t", "n", "s", "e"], "ord": 4, "numoutcomes": 2, "children": ["c2"]}, "c3": {"cprob": {"['e', 's']": [0.062770085084, 0.9372299149159999], "['e', 't']": [0.014158169872, 0.985841830128], "['r', 'r']": [0.024646780148, 0.975353219852], "['h', 'e']": [0.063614899044, 0.936385100956], "['s', 'o']": [0.028984061334, 0.971015938666], "['h', 'd']": [0.02662084602, 0.97337915398], "['e', 'r']": [0.03718076324399999, 0.962819236756], "['a', 'a']": [0.037445458302, 0.962554541698], "['d', 's']": [0.033355756117, 0.966644243883], "['e', 'e']": [0.058226155536, 0.941773844464], "['o', 'n']": [0.026029938488, 0.973970061512], "['d', 'r']": [0.021967685221999995, 0.978032314778], "['s', 'e']": [0.067952760234, 0.932047239766], "['r', 'i']": [0.06471230157, 0.93528769843], "['e', 'h']": [0.008757917783999999, 0.991242082216], "['r', 'o']": [0.032416530615, 0.967583469385], "['s', 'd']": [0.02662084602, 0.97337915398], "['n', 't']": [0.014134886472, 0.985865113528], "['r', 'n']": [0.020418112368, 0.979581887632], "['r', 's']": [0.050557747491999996, 0.949442252508], "['e', 'i']": [0.050370096728, 0.949629903272], "['s', 'a']": [0.062301843149, 0.937698156851], "['t', 'a']": [0.07062988274, 0.92937011726], "['a', 't']": [0.015370902392, 0.984629097608], "['i', 'o']": [0.026988474119000003, 0.973011525881], "['h', 'n']": [0.010769144985000001, 0.989230855015], "['i', 'h']": [0.007392738892, 0.992607261108], "['s', 'r']": [0.013053208634999999, 0.986946791365], "['n', 'e']": [0.067157795973, 0.932842204027], "['s', 's']": [0.055713223276, 0.944286776724], "['n', 'a']": [0.064360301156, 0.935639698844], "['i', 'n']": [0.027316145086000002, 0.972683854914], "['h', 'a']": [0.061931081017000005, 0.938068918983], "['r', 'd']": [0.04718790972, 0.95281209028], "['n', 's']": [0.052865300924, 0.947134699076], "['n', 'r']": [0.014994251077999997, 0.985005748922], "['r', 'e']": [0.071135195076, 0.928864804924], "['t', 't']": [0.012116382002000001, 0.987883617998], "['e', 'a']": [0.064887772487, 0.9351122275129999], "['i', 't']": [0.01360615372, 0.98639384628], "['n', 'd']": [0.057124850436, 0.942875149564], "['n', 'i']": [0.056173475404, 0.943826524596], "['h', 't']": [0.0054167167, 0.9945832833], "['n', 'h']": [0.007392738892, 0.992607261108], "['r', 'a']": [0.069483918278, 0.930516081722], "['t', 's']": [0.042605565641, 0.957394434359], "['h', 'h']": [0.005934450060000001, 0.99406554994], "['e', 'n']": [0.027211311937, 0.972788688063], "['i', 'i']": [0.034466046766, 0.965533953234], "['t', 'r']": [0.028311712785999997, 0.971688287214], "['e', 'o']": [0.020453453873999997, 0.979546546126], "['h', 'i']": [0.058004058458, 0.941995941542], "['r', 'h']": [0.00849203894, 0.99150796106], "['d', 'o']": [0.030122809264, 0.969877190736], "['h', 'o']": [0.030946086232, 0.969053913768], "['a', 'i']": [0.05937037713400001, 0.940629622866], "['s', 't']": [0.01587179485, 0.98412820515], "['t', 'n']": [0.012370541858, 0.987629458142], "['d', 'i']": [0.058565938156, 0.941434061844], "['d', 'h']": [0.009104692828000001, 0.990895307172], "['o', 's']": [0.059721899635000006, 0.940278100365], "['t', 'i']": [0.06395519123200001, 0.936044808768], "['h', 'r']": [0.020688008140999997, 0.979311991859], "['t', 'h']": [0.013997358452, 0.986002641548], "['e', 'd']": [0.062175503664, 0.937824496336], "['o', 'o']": [0.028763350203, 0.971236649797], "['a', 'd']": [0.060374453615999996, 0.939625546384], "['a', 'e']": [0.045085400598, 0.954914599402], "['n', 'o']": [0.029870165774000004, 0.970129834226], "['d', 'd']": [0.049171114008, 0.950828885992], "['i', 'r']": [0.027886270222999998, 0.972113729777], "['s', 'n']": [0.01908930471, 0.98091069529], "['i', 's']": [0.06298148215600001, 0.937018517844], "['n', 'n']": [0.020418112368, 0.979581887632], "['s', 'h']": [0.013978133708, 0.986021866292], "['r', 't']": [0.012810959086, 0.987189040914], "['s', 'i']": [0.062107303644, 0.937892696356], "['a', 's']": [0.064577945718, 0.935422054282], "['t', 'e']": [0.07345750465200002, 0.9265424953479999], "['o', 'e']": [0.044746420161, 0.955253579839], "['d', 'a']": [0.061292411387000006, 0.938707588613], "['i', 'e']": [0.055306512879, 0.944693487121], "['o', 'h']": [0.008017225832000001, 0.991982774168], "['o', 'i']": [0.050864089408, 0.949135910592], "['t', 'd']": [0.023174857799999997, 0.9768251422], "['i', 'd']": [0.05821251047999999, 0.94178748952], "['d', 'n']": [0.012370541858, 0.987629458142], "['a', 'h']": [0.010267091912, 0.989732908088], "['a', 'n']": [0.027290123898000004, 0.972709876102], "['o', 'r']": [0.031396223702, 0.968603776298], "['a', 'o']": [0.020737659278, 0.979262340722], "['d', 't']": [0.00622215603, 0.99377784397], "['t', 'o']": [0.031988592551, 0.968011407449], "['o', 't']": [0.013686847332, 0.986313152668], "['o', 'a']": [0.054022651924, 0.945977348076], "['a', 'r']": [0.034420724677999996, 0.965579275322], "['i', 'a']": [0.05526100351300001, 0.944738996487], "['o', 'd']": [0.054510794784, 0.945489205216], "['h', 's']": [0.027770360445000003, 0.972229639555], "['d', 'e']": [0.068017348395, 0.931982651605]}, "parents": ["i3", "c2"], "vals": ["d", "o", "i", "r", "a", "h", "t", "n", "s", "e"], "ord": 7, "numoutcomes": 2, "children": null}, "c2": {"cprob": {"['e', 's']": [0.075542873308, 0.924457126692], "['e', 't']": [0.005888525104, 0.994111474896], "['r', 'r']": [0.009134768744, 0.990865231256], "['h', 'e']": [0.021405746556, 0.978594253444], "['s', 'o']": [0.029660847714, 0.970339152286], "['h', 'd']": [0.03511097811, 0.96488902189], "['e', 'r']": [0.013780204632, 0.986219795368], "['a', 'a']": [0.045781782984, 0.954218217016], "['d', 's']": [0.040143161429, 0.959856838571], "['e', 'e']": [0.019592490864, 0.980407509136], "['o', 'n']": [0.06550280808799999, 0.934497191912], "['d', 'r']": [0.008141823115999999, 0.991858176884], "['s', 'e']": [0.022865391366000003, 0.977134608634], "['r', 'i']": [0.034451505900000005, 0.9655484941], "['e', 'h']": [0.016800548562, 0.983199451438], "['r', 'o']": [0.033173466165, 0.966826533835], "['s', 'd']": [0.03511097811, 0.96488902189], "['n', 't']": [0.005878841304000001, 0.994121158696], "['r', 'n']": [0.051380977967999994, 0.948619022032], "['r', 's']": [0.06084550480399999, 0.939154495196], "['e', 'i']": [0.02681600936, 0.97318399064],